ID,Gender,Marital_Status,Annual_Income,Age,Monthly_Electronics_Spend,Purchasing_Frequency,Technology_Adoption,Viewing_hours_day
1,male,married,49,30,35,13,late,2
2,male,single,46,36,35,26,late,10
3,male,married,58,66,64,13,early,0
4,male,married,51,78,33,22,late,5
5,female,single,46,52,45,47,late,2
6,female,married,31,72,14,32,early,1
7,male,married,33,62,18,41,early,0
8,male,married,29,30,23,9,early,1
9,male,married,57,60,74,1,early,0
10,female,married,30,59,16,25,early,0
11,female,single,29,25,38,2,early,6
12,female,married,49,57,46,20,late,5
13,male,married,64,80,53,10,early,1
14,female,married,27,36,16,8,early,2
15,male,single,27,61,14,39,early,1
16,female,married,33,54,14,16,early,0
17,male,married,31,58,16,14,early,1
18,female,married,28,30,14,8,early,2
19,female,single,29,25,24,11,early,5
20,female,married,28,58,17,16,early,0
21,female,married,50,75,47,17,late,8
22,male,single,31,47,16,15,early,1
23,female,married,49,52,38,37,late,5
24,male,married,48,35,51,43,late,8
25,male,single,26,25,31,16,early,6
26,male,single,28,74,18,29,early,2
27,male,single,35,75,14,32,early,2
28,male,married,28,33,17,44,early,1
29,female,married,46,31,42,43,late,2
30,female,married,25,35,15,8,early,1
31,female,single,56,46,67,1,early,1
32,female,married,32,67,19,17,early,0
33,male,single,33,69,18,5,early,1
34,female,married,30,44,12,47,early,1
35,male,married,42,60,43,22,late,4
36,female,single,46,64,41,34,late,11
37,male,married,24,61,13,38,early,1
38,female,married,28,24,17,31,early,0
39,male,single,29,20,30,45,early,5
40,male,married,35,66,20,34,early,1
41,female,single,30,20,32,43,early,2
42,female,married,54,43,44,12,early,0
43,female,married,24,46,19,34,early,1
44,female,single,32,69,13,26,early,0
45,female,married,26,38,12,21,early,0
46,male,single,33,40,20,25,early,1
47,female,married,59,63,26,15,early,2
48,male,married,48,22,51,1,early,1
49,female,single,28,29,35,9,early,2
50,male,married,28,61,19,4,early,0
51,male,married,26,36,14,11,early,1
52,male,married,28,58,19,15,early,1
53,male,married,31,70,16,36,early,1
54,male,single,33,20,32,5,early,4
55,female,married,31,45,19,39,early,2
56,female,single,36,56,15,22,early,1
57,male,single,29,29,19,2,early,1
58,female,married,27,33,20,40,early,1
59,male,married,49,43,45,46,late,4
60,male,married,45,22,60,9,early,2
61,female,single,29,51,13,16,early,2
62,male,married,46,52,44,33,late,2
63,male,married,53,50,35,15,late,4
64,female,married,26,25,13,44,early,2
65,male,single,27,25,27,16,early,1
66,male,single,34,23,34,3,early,0
67,female,single,28,28,36,40,early,2
68,male,married,32,74,12,35,early,1
69,female,married,28,48,10,20,early,1
70,male,married,28,61,21,37,early,1
71,male,married,29,63,18,21,early,2
72,female,married,31,30,19,15,early,2
73,female,married,53,65,78,14,early,2
74,male,married,30,64,22,8,early,0
75,female,married,55,73,44,40,late,7
76,female,married,45,40,46,29,late,6
77,male,single,55,68,50,4,early,2
78,male,single,25,41,18,14,early,0
79,male,married,64,80,60,7,early,1
80,female,single,32,19,34,1,early,3
81,male,single,31,64,13,44,early,1
82,male,married,28,80,21,28,early,1
83,male,married,33,40,17,41,early,2
84,female,married,49,33,60,7,early,1
85,female,married,30,31,16,11,early,1
86,female,married,31,35,16,7,early,2
87,male,married,51,29,47,36,late,13
88,male,married,28,32,16,18,early,1
89,female,single,30,41,21,22,early,1
90,female,single,27,66,18,30,early,1
91,female,married,49,55,37,43,late,13
92,male,single,26,50,19,8,early,1
93,male,single,32,56,17,21,early,1
94,female,single,35,26,34,38,early,3
95,male,married,54,43,75,7,early,1
96,male,married,47,54,45,33,late,6
97,female,single,49,57,47,28,late,12
98,male,single,29,26,30,47,early,1
99,male,married,30,58,20,8,early,1
100,male,married,55,57,39,18,late,0
101,male,single,56,62,53,3,early,1
102,female,single,46,79,41,43,late,13
103,male,married,55,47,65,6,early,2
104,female,married,27,58,22,30,early,1
105,male,married,30,57,20,48,early,1
106,male,single,28,52,18,30,early,0
107,female,married,30,28,12,34,early,1
108,male,married,32,55,13,18,early,0
109,male,married,54,45,57,7,early,2
110,female,single,27,63,18,4,early,2
111,male,married,31,25,17,17,early,1
112,male,single,54,23,67,8,early,2
113,female,married,27,63,20,16,early,0
114,male,married,33,32,15,45,early,1
115,male,married,32,73,18,37,early,0
116,female,married,54,73,51,37,late,11
117,male,married,47,48,34,27,late,8
118,female,married,55,67,41,9,early,1
119,male,married,29,44,18,6,early,2
120,female,married,28,42,16,16,early,1
121,female,married,31,24,24,38,early,1
122,male,married,32,48,18,28,early,0
123,female,single,33,29,30,41,early,5
124,female,married,49,47,35,35,late,13
125,female,married,32,70,17,45,early,1
126,male,married,55,46,50,13,early,2
127,male,married,46,49,43,36,late,5
128,male,married,34,67,16,29,early,1
129,female,single,26,72,16,21,early,2
130,male,married,30,78,20,32,early,1
131,female,single,32,62,12,9,early,2
132,female,single,33,25,31,1,early,0
133,male,married,29,58,16,14,early,1
134,male,married,53,39,67,3,early,1
135,male,married,26,80,19,4,early,1
136,female,married,45,66,34,34,late,1
137,female,married,24,41,14,38,early,0
138,male,married,48,51,43,37,late,3
139,male,married,49,22,51,13,early,2
140,male,married,51,72,44,40,late,6
141,male,married,54,60,41,31,late,10
142,female,married,30,33,16,29,early,2
143,female,married,31,64,16,46,early,1
144,male,single,46,30,36,28,late,10
145,male,married,34,65,22,10,early,2
146,male,single,32,28,38,9,early,5
147,female,married,52,37,65,6,early,1
148,male,married,54,43,52,2,early,2
149,female,single,27,77,17,10,early,2
150,female,married,31,47,13,21,early,2
151,male,single,34,67,18,42,early,1
152,male,married,56,55,55,2,early,1
153,female,married,44,75,45,36,late,1
154,female,married,46,59,42,42,late,5
155,male,married,55,49,47,8,early,1
156,female,single,29,19,34,11,early,5
157,female,single,29,18,36,22,early,6
158,female,married,51,78,35,13,late,12
159,male,married,48,22,54,6,early,2
160,female,married,29,72,20,38,early,1
161,female,single,55,77,72,5,early,0
162,female,married,29,78,14,18,early,2
163,female,married,32,23,17,29,early,2
164,male,married,31,66,14,22,early,0
165,male,single,27,62,16,41,early,0
166,female,married,57,45,79,11,early,0
167,female,married,55,31,43,36,late,5
168,male,married,49,54,48,28,late,11
169,male,married,29,71,15,30,early,0
170,male,married,43,69,47,37,late,5
171,male,married,47,48,39,20,late,10
172,male,married,54,45,58,5,early,1
173,male,married,55,50,55,11,early,2
174,male,married,29,21,38,24,early,2
175,female,married,29,37,12,39,early,1
176,male,married,31,61,13,3,early,1
177,female,married,51,37,40,33,late,13
178,male,married,28,50,19,11,early,0
179,male,married,50,64,48,46,late,13
180,male,single,30,29,35,10,early,5
181,female,married,32,67,20,43,early,1
182,female,married,26,47,20,7,early,2
183,female,married,50,78,40,43,late,11
184,female,married,36,54,12,3,early,2
185,male,single,36,27,30,30,early,0
186,female,single,31,70,14,11,early,0
187,male,married,37,49,16,19,early,1
188,male,married,50,30,48,2,early,1
189,male,married,57,61,67,3,early,1
190,female,married,32,62,23,19,early,1
191,female,single,29,25,33,2,early,4
192,female,married,47,79,44,14,late,13
193,female,single,30,24,32,16,early,2
194,female,single,27,19,27,22,early,3
195,female,married,27,70,17,43,early,2
196,male,single,32,66,15,33,early,1
197,female,married,25,52,20,26,early,0
198,male,married,58,65,55,3,early,2
199,female,married,45,43,41,41,late,11
200,female,married,34,67,13,40,early,1
201,male,married,51,76,37,22,late,3
202,male,married,32,50,19,12,early,1
203,female,married,25,63,21,9,early,0
204,male,married,55,50,57,15,early,1
205,female,married,52,37,33,8,early,0
206,female,married,28,67,18,31,early,2
207,male,married,29,64,14,39,early,1
208,male,married,45,24,65,15,early,1
209,male,married,27,74,22,39,early,1
210,male,married,26,74,16,41,early,1
211,male,single,28,19,39,9,early,3
212,female,married,27,38,16,30,early,2
213,male,single,31,67,15,34,early,1
214,male,married,25,33,19,29,early,2
215,male,single,28,75,22,9,early,1
216,female,married,49,39,45,43,late,2
217,female,married,28,27,16,14,early,2
218,female,married,51,57,43,7,early,2
219,female,single,32,70,13,29,early,0
220,male,single,35,26,33,45,early,5
221,female,married,55,40,47,3,early,0
222,male,married,27,69,18,18,early,1
223,female,married,28,44,20,9,early,1
224,female,married,33,53,15,37,early,1
225,male,married,58,67,74,12,early,2
226,female,married,34,34,14,34,early,1
227,female,married,47,58,45,30,late,2
228,female,single,33,18,29,12,early,3
229,female,single,47,29,44,24,late,13
230,male,married,44,47,44,23,late,12
231,male,single,26,22,32,21,early,5
232,male,married,33,76,13,47,early,0
233,female,married,47,61,35,16,late,10
234,female,married,54,74,41,34,late,7
235,female,married,29,23,21,29,early,1
236,male,married,44,44,35,17,late,5
237,female,married,49,61,38,33,late,5
238,female,single,34,30,32,4,early,1
239,male,married,33,50,17,27,early,0
240,female,married,49,28,40,15,late,9
241,male,married,35,32,16,12,early,1
242,female,single,29,51,21,32,early,1
243,female,married,55,23,61,16,early,1
244,male,married,56,56,71,10,early,1
245,male,single,57,68,66,14,early,1
246,female,married,24,51,18,46,early,0
247,female,married,55,38,38,16,early,1
248,female,married,26,38,17,11,early,1
249,male,married,51,36,50,42,late,5
250,female,married,26,31,18,11,early,0
251,female,single,34,29,34,36,early,2
252,male,married,46,77,45,43,late,0
253,female,married,29,51,14,9,early,1
254,female,single,55,33,82,15,early,1
255,female,married,26,59,12,44,early,2
256,male,single,33,24,37,23,early,4
257,male,married,50,26,71,11,early,2
258,female,married,28,72,20,27,early,1
259,male,married,49,60,38,23,late,11
260,male,married,51,30,76,9,early,1
261,female,single,54,50,46,11,early,0
262,male,single,59,69,84,7,early,0
263,male,married,30,57,19,40,early,2
264,female,married,46,77,33,26,late,1
265,female,married,34,49,14,17,early,1
266,male,married,36,33,16,2,early,2
267,female,married,53,64,35,21,late,12
268,female,married,23,45,18,3,early,1
269,female,single,30,21,28,37,early,3
270,male,married,28,42,17,47,early,1
271,male,married,55,49,49,7,early,1
272,female,married,28,54,20,8,early,0
273,female,married,29,60,15,12,early,1
274,female,married,30,34,9,19,early,2
275,male,single,51,40,37,18,late,7
276,female,married,44,47,43,30,late,4
277,female,married,36,74,19,6,early,0
278,female,married,25,35,21,47,early,0
279,female,single,29,76,24,40,early,0
280,male,married,56,56,71,11,early,2
281,female,single,30,42,14,19,early,1
282,female,married,30,67,15,16,early,0
283,female,married,56,75,31,21,late,2
284,male,married,28,33,20,35,early,1
285,male,married,49,60,40,30,late,2
286,male,single,48,41,43,21,late,9
287,male,married,33,76,14,26,early,1
288,female,married,34,43,18,40,early,2
289,female,married,50,47,47,45,late,8
290,male,married,34,65,19,28,early,2
291,male,married,45,48,29,35,late,2
292,male,married,28,76,19,40,early,1
293,male,married,52,34,67,4,early,1
294,female,single,52,25,25,14,early,1
295,female,single,33,69,20,48,early,1
296,male,single,29,27,33,12,early,5
297,female,single,24,27,32,17,early,3
298,male,married,28,38,19,28,early,2
299,male,married,29,65,16,25,early,1
300,female,single,31,19,26,23,early,2
301,male,single,30,77,19,44,early,2
302,female,married,44,37,47,16,late,9
303,female,married,27,56,10,24,early,1
304,female,married,50,48,34,46,late,2
305,male,single,54,41,88,8,early,0
306,female,married,55,61,52,12,early,2
307,male,married,21,67,19,32,early,1
308,female,married,31,58,23,23,early,1
309,female,single,55,71,51,10,early,0
310,female,single,27,26,35,46,early,6
311,male,married,35,49,16,36,early,0
312,female,married,46,65,43,36,late,2
313,female,married,37,47,20,27,early,0
314,female,married,34,27,26,31,early,1
315,female,married,28,26,11,10,early,1
316,male,married,26,72,16,33,early,2
317,female,married,28,38,19,20,early,2
318,female,single,29,51,14,5,early,0
319,male,single,30,22,38,34,early,4
320,female,single,29,76,13,29,early,1
321,female,married,50,50,36,41,late,0
322,male,married,26,36,17,11,early,1
323,female,single,53,44,83,3,early,1
324,female,married,34,44,17,1,early,0
325,male,married,49,76,35,21,late,1
326,male,single,48,27,37,19,late,5
327,male,single,28,79,14,17,early,2
328,male,married,35,45,13,26,early,2
329,male,married,48,22,55,3,early,0
330,female,married,24,53,20,42,early,2
331,male,single,31,28,34,39,early,3
332,female,married,26,60,16,25,early,1
333,male,single,27,54,19,7,early,1
334,male,single,34,63,15,40,early,1
335,female,single,53,39,39,14,early,1
336,male,single,32,25,31,6,early,2
337,female,single,56,37,46,6,early,1
338,male,married,58,64,54,5,early,2
339,female,married,36,51,21,31,early,1
340,female,married,45,57,50,13,late,11
341,female,married,35,26,15,23,early,1
342,male,single,30,25,35,48,early,0
343,male,married,60,80,72,14,early,1
344,female,single,34,32,19,46,early,2
345,male,married,25,34,15,39,early,2
346,male,married,46,61,47,46,late,2
347,male,single,30,32,12,43,early,1
348,male,married,30,55,18,5,early,1
349,male,single,54,71,60,13,early,1
350,female,single,34,23,37,30,early,2
351,male,married,26,60,18,40,early,1
352,male,married,58,63,58,8,early,1
353,male,single,30,21,32,5,early,2
354,female,married,55,64,40,37,late,3
355,female,married,42,51,38,28,late,2
356,male,single,30,52,14,44,early,1
357,female,married,60,48,42,10,early,1
358,male,married,28,67,18,12,early,1
359,male,married,28,59,17,10,early,0
360,male,married,62,80,67,11,early,2
361,female,married,27,69,20,13,early,2
362,male,married,45,66,55,14,early,2
363,male,single,29,20,34,13,early,5
364,female,married,29,67,17,14,early,1
365,female,single,35,54,19,18,early,1
366,male,single,31,73,17,4,early,1
367,male,married,28,49,20,34,early,2
368,female,married,61,48,45,12,early,2
369,male,married,51,72,34,24,late,11
370,male,married,53,38,54,4,early,1
371,female,married,31,63,15,20,early,1
372,female,married,31,25,15,48,early,2
373,female,single,33,40,19,33,early,0
374,male,married,40,72,46,46,late,1
375,female,single,27,24,16,29,early,0
376,female,single,30,21,33,13,early,5
377,male,single,30,21,35,33,early,6
378,male,married,25,29,15,17,early,1
379,female,single,55,48,71,9,early,0
380,male,single,32,26,28,14,early,1
381,female,married,26,41,15,17,early,2
382,male,married,29,53,15,28,early,1
383,female,single,31,25,39,10,early,6
384,male,married,34,33,17,5,early,0
385,female,single,52,59,69,6,early,0
386,male,married,54,43,71,12,early,2
387,male,married,36,60,18,5,early,1
388,male,single,45,57,51,32,late,11
389,female,married,27,26,18,40,early,0
390,male,married,55,47,58,11,early,1
391,male,married,28,25,27,29,early,2
392,female,married,33,44,20,29,early,2
393,female,single,35,63,18,41,early,2
394,male,married,57,62,60,15,early,1
395,male,single,28,24,36,23,early,5
396,male,married,27,35,18,32,early,1
397,female,married,49,28,40,44,late,11
398,female,married,29,68,18,9,early,1
399,female,married,26,55,16,2,early,2
400,male,married,58,64,76,12,early,0
401,female,married,36,74,16,41,early,0
402,female,single,28,27,28,24,early,3
403,male,married,24,35,22,43,early,1
404,female,single,49,41,36,38,late,2
405,male,married,47,50,43,24,late,11
406,male,single,28,24,32,32,early,1
407,female,single,27,20,31,25,early,5
408,male,married,28,36,22,5,early,1
409,male,married,48,76,44,15,late,11
410,female,single,33,48,17,7,early,2
411,female,single,60,50,65,12,early,2
412,male,single,30,47,17,46,early,0
413,male,married,34,39,19,27,early,0
414,male,married,58,64,60,2,early,2
415,female,married,23,54,16,18,early,0
416,female,married,46,80,35,42,late,4
417,female,single,60,43,39,7,early,1
418,female,married,29,77,17,39,early,1
419,male,married,35,33,16,35,early,1
420,male,married,46,22,73,3,early,1
421,female,married,33,56,14,24,early,2
422,male,married,28,56,17,14,early,1
423,female,married,31,50,18,34,early,0
424,male,married,58,65,85,9,early,1
425,male,married,31,65,13,16,early,1
426,female,single,29,19,33,42,early,3
427,female,single,31,22,35,24,early,1
428,male,married,50,24,54,7,early,1
429,female,single,28,23,33,38,early,6
430,female,married,51,53,44,27,late,1
431,male,married,28,55,17,3,early,1
432,male,married,33,59,16,34,early,2
433,female,single,34,26,34,2,early,4
434,female,married,28,55,12,41,early,0
435,male,married,50,33,47,34,late,1
436,female,married,32,28,21,33,early,1
437,male,married,55,53,37,30,late,8
438,male,married,39,79,14,1,early,1
439,female,married,43,75,42,13,late,1
440,female,married,43,72,39,14,late,13
441,male,married,730,80,65,14,early,1
442,male,married,59,70,50,5,early,1
443,male,married,32,50,16,19,early,1
444,female,married,49,71,46,41,late,4
445,male,married,56,52,63,2,early,2
446,female,married,32,42,18,16,early,2
447,male,married,54,45,59,12,early,1
448,female,single,29,20,31,44,early,2
449,male,single,33,27,34,24,early,3
450,female,single,32,23,18,4,early,2
451,female,married,53,28,40,18,late,6
452,male,single,27,63,19,31,early,2
453,male,single,30,39,19,27,early,1
454,female,married,29,26,17,11,early,0
455,male,married,51,38,40,33,late,0
456,male,married,52,32,52,4,early,1
457,female,single,29,22,35,8,early,4
458,female,married,47,35,50,46,late,7
459,male,married,32,49,15,26,early,0
460,male,married,24,53,14,45,early,1
461,male,single,29,56,23,21,early,2
462,male,single,24,27,32,17,early,3
463,female,married,49,47,47,14,late,4
464,male,married,48,64,39,40,late,10
465,female,married,61,32,48,3,early,1
466,female,married,46,62,38,24,late,0
467,male,married,52,36,60,7,early,1
468,male,single,29,80,14,17,early,1
469,male,single,26,67,22,21,early,2
470,male,married,59,69,61,14,early,2
471,male,single,29,30,18,46,early,1
472,male,married,29,67,18,25,early,1
473,male,married,30,55,19,17,early,2
474,female,married,49,75,36,35,late,6
475,male,married,32,48,19,44,early,1
476,male,married,26,75,14,24,early,1
477,female,married,29,23,21,31,early,0
478,male,single,23,29,35,17,early,3
479,male,married,53,40,65,14,early,2
480,female,single,30,55,15,46,early,2
481,male,married,33,78,18,41,early,2
482,female,married,51,28,75,5,early,1
483,male,married,46,56,54,17,late,5
484,female,married,44,57,36,26,late,9
485,female,married,49,57,42,47,late,5
486,male,married,29,24,13,37,early,0
487,female,married,31,62,19,10,early,0
488,male,married,52,48,39,27,late,1
489,male,single,34,22,34,27,early,2
490,female,single,49,62,43,37,late,2
491,female,married,30,31,24,38,early,1
492,female,married,45,67,39,21,late,7
493,female,married,28,65,15,39,early,1
494,female,married,33,34,18,44,early,1
495,male,married,46,39,45,37,late,11
496,male,married,29,19,40,21,early,1
497,female,married,52,42,57,15,early,1
498,female,married,29,68,17,8,early,2
499,male,married,54,44,66,10,early,2
500,male,married,55,46,72,14,early,1
501,female,single,30,58,21,2,early,1
502,male,single,24,56,18,20,early,2
503,male,married,29,73,19,30,early,2
504,female,married,35,42,20,40,early,0
505,female,married,31,56,18,18,early,0
506,female,married,32,35,18,29,early,2
507,male,single,35,66,15,43,early,1
508,male,married,57,59,61,14,early,1
509,female,married,50,54,46,17,late,10
510,male,married,24,50,12,36,early,2
511,male,single,30,27,29,46,early,4
512,male,married,25,66,20,46,early,0
513,male,married,49,24,49,16,early,2
514,male,married,27,31,22,3,early,0
515,female,single,32,18,29,43,early,1
516,male,married,28,30,17,10,early,2
517,female,married,47,60,34,32,late,1
518,male,single,54,51,54,9,early,1
519,male,married,27,76,18,17,early,0
520,male,married,29,61,21,11,early,1
521,male,married,34,38,22,34,early,1
522,female,married,46,74,46,23,late,9
523,male,married,34,72,17,17,early,2
524,female,single,55,26,75,5,early,0
525,male,single,27,27,36,9,early,1
526,female,single,60,54,47,1,early,1
527,female,married,32,41,23,38,early,0
528,female,married,29,60,20,20,early,0
529,male,single,31,29,31,22,early,5
530,male,married,56,52,44,2,early,2
531,male,single,28,23,18,20,early,2
532,female,single,28,22,34,32,early,4
533,male,married,58,62,54,7,early,0
534,male,married,32,37,18,34,early,1
535,female,married,31,69,14,19,early,1
536,male,married,60,78,61,4,early,0
537,female,married,50,52,33,19,late,8
538,male,married,35,57,15,41,early,0
539,male,married,27,59,19,12,early,1
540,female,married,26,34,17,31,early,0
541,male,married,27,50,23,24,early,0
542,female,married,33,36,18,19,early,1
543,female,married,48,34,39,17,late,5
544,male,married,24,76,19,10,early,1
545,female,single,27,33,15,37,early,2
546,male,married,49,56,36,33,late,10
547,female,married,34,41,17,29,early,1
548,male,married,34,56,16,35,early,1
549,male,married,49,69,47,31,late,3
550,female,married,31,51,16,6,early,1
551,male,single,26,77,16,2,early,1
552,female,single,30,30,34,6,early,5
553,female,married,33,28,18,41,early,0
554,male,married,31,40,17,35,early,1
555,female,married,45,72,44,17,late,0
556,female,single,26,22,37,45,early,4
557,female,single,35,18,35,27,early,0
558,female,married,48,50,43,36,late,11
559,male,single,28,21,35,32,early,4
560,female,married,56,69,47,4,early,1
561,female,married,30,48,22,8,early,1
562,male,married,57,61,69,12,early,1
563,female,single,28,55,15,31,early,1
564,female,married,27,75,16,43,early,2
565,male,single,54,64,26,13,early,2
566,male,married,30,68,21,3,early,2
567,female,married,32,29,32,20,early,3
568,female,married,58,35,45,7,early,1
569,male,married,48,28,51,27,late,6
570,female,married,36,42,15,11,early,1
571,male,single,56,75,55,2,early,1
572,female,married,29,80,18,5,early,2
573,female,married,23,44,18,25,early,0
574,male,married,27,48,14,41,early,2
575,female,married,27,78,10,18,early,1
576,female,married,53,49,38,14,late,5
577,female,single,31,23,35,41,early,4
578,male,married,49,65,40,35,late,11
579,female,married,31,35,14,37,early,1
580,male,married,54,52,39,27,late,4
581,female,married,29,31,10,17,early,2
582,male,married,31,32,15,37,early,1
583,female,married,30,66,18,34,early,1
584,male,married,54,68,43,31,late,4
585,female,married,31,62,13,35,early,1
586,female,single,30,45,13,32,early,1
587,female,married,52,73,42,19,late,10
588,female,married,54,69,60,3,early,0
589,male,married,33,58,15,47,early,1
590,female,married,51,27,41,28,late,12
591,male,married,45,78,44,24,late,5
592,female,single,31,21,33,12,early,4
593,male,single,30,49,13,36,early,1
594,male,married,26,69,18,17,early,0
595,female,single,30,46,18,37,early,2
596,male,married,27,76,14,23,early,1
597,male,married,59,70,66,12,early,1
598,female,single,50,32,40,31,late,3
599,female,married,33,42,19,26,early,2
600,female,married,32,67,16,5,early,1
601,female,married,33,67,15,8,early,0
602,male,married,29,64,14,46,early,1
603,female,single,30,24,34,42,early,2
604,male,married,33,63,15,6,early,1
605,female,married,32,38,15,15,early,1
606,female,married,28,69,17,34,early,0
607,female,married,37,25,12,36,early,1
608,female,married,28,53,17,7,early,1
609,female,single,33,21,32,21,early,2
610,male,married,62,80,55,10,early,1
611,female,married,46,66,34,31,late,2
612,male,married,48,22,49,3,early,1
613,female,married,28,37,19,44,early,0
614,male,single,28,43,13,39,early,1
615,male,married,63,80,77,8,early,1
616,male,married,26,54,22,5,early,1
617,female,married,36,53,18,47,early,0
618,male,married,30,66,13,25,early,1
619,female,married,33,54,14,42,early,2
620,female,married,56,29,51,15,early,0
621,male,single,34,74,18,10,early,2
622,female,single,56,59,83,1,early,1
623,male,married,54,44,60,7,early,1
624,male,married,29,52,16,8,early,0
625,male,married,27,63,15,45,early,1
626,male,married,36,48,17,36,early,1
627,female,married,51,34,37,21,late,3
628,male,married,30,39,11,22,early,2
629,female,single,55,60,80,1,early,2
630,male,single,34,28,17,10,early,1
631,male,married,25,37,16,19,early,1
632,female,single,32,21,28,31,early,4
633,female,married,32,36,20,7,early,1
634,female,married,33,34,14,47,early,1
635,female,married,46,63,31,22,late,9
636,female,single,31,20,35,38,early,2
637,male,married,60,79,73,13,early,0
638,male,married,32,42,21,13,early,2
639,female,single,31,44,15,37,early,2
640,female,married,51,63,45,15,early,0
641,female,single,34,24,28,33,early,2
642,male,married,29,79,18,42,early,2
643,male,single,52,25,67,6,early,2
644,male,married,52,37,64,8,early,2
645,male,married,35,42,18,22,early,1
646,male,married,53,39,45,40,late,4
647,female,married,46,51,34,16,late,9
648,male,married,48,22,43,2,early,2
649,male,married,44,48,45,20,late,14
650,male,married,33,68,17,12,early,0
651,male,married,52,63,40,31,late,10
652,male,married,31,48,16,27,early,1
653,female,married,43,61,59,14,late,6
654,male,married,26,30,15,40,early,1
655,female,married,28,25,33,42,early,0
656,male,single,32,53,18,45,early,2
657,male,married,30,31,15,29,early,1
658,female,single,27,21,32,46,early,4
659,female,married,24,59,14,2,early,1
660,male,married,30,54,18,33,early,0
661,male,married,31,75,21,39,early,1
662,male,married,47,55,30,25,late,0
663,male,married,52,37,43,5,early,1
664,female,married,32,67,16,5,early,0
665,male,married,49,58,44,23,late,8
666,male,married,48,35,31,24,late,11
667,male,single,35,64,16,12,early,1
668,male,married,28,77,15,36,early,1
669,female,married,27,51,11,16,early,1
670,female,married,45,46,42,43,late,13
671,male,married,56,56,52,6,early,1
672,male,married,34,47,11,27,early,0
673,male,married,26,76,9,4,early,2
674,male,married,39,32,19,2,early,0
675,male,married,60,76,55,12,early,2
676,female,married,48,76,32,26,late,13
677,male,married,32,34,21,27,early,1
678,male,married,32,36,20,3,early,2
679,male,single,24,23,31,19,early,3
680,male,married,53,31,51,26,late,13
681,female,married,56,69,23,7,early,1
682,female,married,30,34,19,19,early,0
683,female,married,30,26,19,26,early,2
684,male,married,54,45,65,10,early,0
685,female,married,22,30,14,15,early,2
686,male,single,45,61,38,48,late,11
687,female,married,27,68,19,32,early,0
688,female,single,26,40,14,44,early,0
689,male,married,27,26,14,21,early,2
690,female,married,28,53,19,43,early,2
691,male,single,29,27,35,10,early,0
692,male,married,25,36,14,20,early,2
693,female,single,45,80,50,39,late,3
694,male,married,31,33,10,4,early,1
695,male,married,32,80,20,23,early,1
696,female,single,29,26,32,16,early,1
697,female,married,30,42,15,4,early,2
698,male,married,26,70,15,42,early,1
699,male,married,31,29,17,45,early,0
700,male,married,53,41,81,11,early,1
701,male,married,32,41,19,16,early,1
702,male,single,57,61,43,3,early,2
703,female,married,28,41,22,5,early,1
704,female,married,30,48,16,36,early,0
705,male,married,55,52,64,11,early,0
706,male,married,26,79,19,41,early,1
707,female,single,28,70,17,35,early,1
708,female,single,34,20,29,36,early,6
709,female,married,32,30,21,38,early,0
710,female,married,50,72,42,14,late,0
711,male,married,56,58,67,11,early,1
712,male,married,34,69,17,4,early,0
713,male,married,33,30,36,4,early,2
714,female,married,31,35,13,23,early,0
715,female,married,29,25,18,25,early,1
716,female,married,31,69,10,45,early,0
717,male,married,30,44,16,21,early,1
718,female,single,33,27,34,19,early,3
719,male,married,26,74,27,33,early,2
720,female,single,30,37,17,27,early,0
721,female,married,28,55,16,47,early,1
722,female,married,41,80,30,37,late,11
723,female,married,35,32,17,5,early,1
724,male,married,41,32,41,25,late,2
725,female,married,30,58,20,29,early,2
726,male,single,31,60,13,22,early,0
727,male,married,31,76,19,46,early,0
728,male,married,35,44,15,42,early,1
729,female,single,29,26,32,26,early,2
730,female,married,37,79,15,2,early,1
731,female,married,28,67,23,24,early,1
732,male,married,52,36,61,4,early,0
733,female,married,49,44,48,37,late,1
734,male,married,49,67,37,47,late,0
735,female,married,49,28,46,40,late,4
736,male,married,36,40,17,47,early,1
737,female,single,30,28,34,5,early,3
738,female,single,25,52,17,41,early,0
739,female,married,47,42,44,22,late,6
740,female,married,58,69,31,4,early,0
741,male,married,53,72,36,38,late,4
742,female,single,30,28,7,9,early,1
743,male,married,56,59,72,7,early,1
744,male,single,27,18,35,17,early,5
745,female,married,46,40,36,32,late,5
746,male,married,31,21,33,29,early,2
747,male,married,53,33,49,31,late,3
748,male,married,47,22,42,2,early,2
749,female,married,48,67,48,36,late,3
750,male,married,35,45,18,25,early,0
751,female,married,22,51,20,39,early,1
752,male,married,51,62,35,43,late,8
753,female,married,30,25,12,5,early,2
754,female,married,26,29,17,22,early,1
755,male,married,51,56,41,40,late,5
756,female,married,44,60,32,41,late,6
757,female,married,31,23,16,45,early,0
758,female,married,31,36,15,40,early,2
759,male,married,50,49,54,27,late,1
760,male,married,28,27,19,10,early,1
761,male,single,30,30,31,44,early,4
762,male,single,28,20,35,43,early,0
763,female,married,45,51,55,37,late,6
764,female,married,48,55,35,13,late,4
765,male,married,28,65,17,48,early,1
766,male,married,25,75,14,20,early,2
767,female,married,32,28,16,41,early,1
768,male,married,25,40,24,8,early,2
769,female,married,45,36,52,24,late,14
770,female,married,48,39,36,41,late,0
771,male,single,33,60,10,5,early,0
772,female,married,29,26,18,27,early,1
773,female,single,54,51,54,15,early,0
774,female,married,34,33,19,44,early,0
775,male,married,47,22,62,9,early,1
776,male,married,56,54,60,9,early,0
777,female,single,34,65,13,17,early,0
778,male,single,49,37,37,20,late,2
779,male,married,30,59,19,25,early,1
780,male,married,48,65,52,22,late,3
781,male,single,35,40,21,12,early,1
782,male,married,44,71,36,43,late,5
783,female,married,30,80,20,19,early,2
784,male,married,57,61,60,13,early,2
785,female,single,24,20,31,7,early,4
786,male,married,50,26,49,15,early,0
787,female,married,56,38,46,9,early,1
788,female,married,30,52,16,4,early,2
789,male,married,27,37,21,1,early,1
790,male,single,26,26,37,5,early,4
791,female,single,56,57,27,1,early,2
792,male,married,30,70,18,41,early,2
793,female,married,53,40,46,13,late,7
794,male,married,60,75,45,9,early,1
795,female,single,32,20,31,21,early,2
796,female,married,31,51,11,10,early,2
797,female,single,26,39,18,25,early,1
798,male,single,55,72,59,15,early,2
799,male,married,29,55,20,15,early,1
800,male,single,35,25,35,41,early,6
801,male,married,52,30,43,2,early,1
802,male,single,31,22,34,9,early,4
803,male,married,49,58,39,32,late,2
804,male,married,28,64,16,6,early,1
805,female,married,32,46,19,35,early,1
806,male,single,30,21,34,5,early,4
807,female,single,27,23,31,41,early,0
808,male,single,52,50,64,3,early,1
809,male,married,30,66,13,23,early,1
810,female,single,28,20,33,10,early,0
811,male,married,28,80,15,9,early,0
812,male,married,46,56,44,33,late,4
813,male,married,45,32,40,30,late,12
814,male,married,27,23,34,24,early,4
815,male,married,56,53,48,4,early,1
816,female,married,27,76,25,4,early,2
817,male,married,26,60,27,39,early,1
818,male,married,31,64,15,48,early,2
819,male,married,30,58,21,46,early,2
820,male,married,32,64,16,23,early,1
821,male,married,31,77,21,48,early,2
822,male,single,34,62,17,2,early,1
823,male,single,30,75,12,4,early,2
824,male,single,26,41,20,33,early,2
825,male,married,48,31,39,28,late,2
826,female,married,30,29,19,33,early,0
827,male,married,63,80,65,1,early,1
828,male,married,47,39,36,47,late,9
829,male,married,52,43,48,18,late,10
830,female,married,46,31,48,12,late,3
831,male,married,51,77,39,21,late,1
832,male,married,55,51,70,13,early,0
833,male,single,27,24,36,4,early,2
834,female,single,29,27,35,26,early,5
835,male,single,54,47,46,15,early,1
836,female,single,28,69,19,19,early,1
837,male,single,50,76,57,12,early,1
838,male,married,29,36,21,12,early,2
839,male,married,58,63,62,9,early,1
840,female,married,30,58,17,45,early,2
841,male,single,30,52,18,6,early,1
842,female,single,32,51,16,25,early,1
843,female,married,27,72,12,1,early,2
844,male,married,30,75,13,36,early,2
845,female,single,45,43,38,35,late,13
846,male,married,31,18,37,48,early,0
847,male,married,49,49,47,18,late,7
848,male,married,31,39,19,33,early,0
849,male,married,54,44,62,11,early,1
850,female,married,32,28,18,17,early,1
851,male,married,42,53,43,42,late,3
852,male,married,47,67,40,30,late,14
853,male,married,24,72,14,41,early,0
854,male,married,35,54,15,21,early,2
855,male,married,32,38,16,32,early,1
856,female,married,28,76,14,41,early,0
857,male,married,31,34,18,45,early,2
858,female,single,32,23,33,23,early,0
859,male,married,47,22,35,12,early,2
860,male,married,29,54,15,30,early,1
861,male,married,26,54,13,10,early,1
862,female,married,42,48,45,41,late,11
863,female,married,47,74,39,46,late,10
864,female,married,26,24,15,25,early,1
865,female,married,31,47,16,26,early,1
866,male,single,29,23,32,47,early,2
867,male,single,52,68,84,1,early,2
868,male,married,51,30,54,3,early,1
869,male,single,33,29,20,46,early,1
870,female,married,28,39,17,5,early,1
871,female,married,45,32,43,19,late,12
872,female,married,49,32,28,35,late,8
873,male,married,47,33,47,29,late,13
874,male,single,26,23,35,36,early,1
875,male,single,30,27,35,9,early,1
876,female,married,30,31,17,31,early,1
877,female,single,45,51,41,37,late,4
878,female,married,33,33,14,15,early,0
879,female,married,51,68,35,40,late,3
880,female,married,50,31,52,3,early,0
881,male,married,49,55,44,46,late,9
882,male,single,26,30,36,42,early,4
883,male,married,34,73,15,19,early,2
884,male,married,61,80,58,3,early,1
885,male,single,52,45,62,15,early,2
886,female,married,47,67,43,14,late,2
887,male,single,37,35,18,34,early,1
888,male,single,26,19,33,33,early,4
889,male,married,58,67,85,3,early,1
890,female,single,33,23,36,14,early,5
891,female,married,32,76,15,45,early,2
892,female,married,45,33,50,25,late,2
893,male,single,27,25,36,11,early,6
894,male,married,33,44,14,35,early,2
895,male,married,46,52,42,20,late,11
896,male,married,48,48,36,15,late,1
897,female,single,31,57,17,47,early,1
898,female,married,31,55,19,31,early,0
899,female,married,54,61,57,8,early,1
900,male,single,52,55,47,15,early,1
901,male,married,32,30,22,25,early,2
902,female,single,27,78,18,31,early,2
903,female,single,59,50,80,13,early,2
904,male,married,27,63,11,30,early,1
905,male,married,52,36,69,10,early,1
906,male,single,32,26,29,22,early,4
907,male,single,27,46,14,2,early,0
908,female,single,34,58,19,18,early,0
909,male,single,28,25,32,27,early,2
910,female,married,26,48,17,11,early,0
911,male,married,28,61,17,45,early,0
912,female,single,29,28,34,46,early,6
913,male,married,46,40,44,18,late,10
914,female,married,47,53,42,25,late,5
915,female,married,33,64,19,10,early,1
916,female,married,51,28,51,46,late,4
917,female,married,30,75,15,21,early,1
918,female,single,32,22,33,20,early,5
919,male,married,31,33,20,32,early,1
920,female,married,32,65,19,5,early,1
921,male,married,28,76,20,26,early,2
922,male,single,27,20,32,9,early,1
923,male,married,640,80,55,2,early,2
924,male,married,44,36,47,34,late,5
925,male,married,27,25,19,12,early,0
926,female,married,26,35,12,17,early,1
927,female,single,29,26,36,33,early,6
928,male,married,28,30,17,36,early,2
929,female,married,53,31,60,2,early,2
930,male,married,33,60,19,6,early,1
931,female,married,35,78,18,19,early,2
932,female,single,30,26,38,38,early,5
933,male,married,51,70,40,17,late,1
934,female,married,29,76,22,8,early,1
935,male,married,30,59,11,15,early,0
936,male,married,50,56,45,45,late,4
937,female,married,35,26,18,45,early,0
938,male,married,33,25,21,47,early,0
939,female,married,30,67,15,15,early,1
940,male,married,36,55,18,21,early,0
941,female,single,33,38,20,19,early,0
942,female,married,55,37,77,14,early,1
943,male,married,48,72,37,23,late,7
944,male,married,28,52,20,23,early,2
945,female,married,32,75,16,35,early,0
946,female,single,35,29,29,19,early,4
947,male,married,32,48,16,26,early,0
948,male,married,32,59,20,34,early,0
949,male,married,24,58,17,13,early,1
950,male,single,48,40,45,33,late,7
951,male,single,34,29,32,39,early,2
952,male,married,31,71,15,23,early,2
953,female,married,29,47,21,30,early,2
954,female,married,34,79,20,31,early,2
955,female,married,48,38,40,40,late,4
956,male,single,29,27,36,39,early,1
957,male,married,36,43,21,13,early,0
958,male,married,26,70,19,10,early,2
959,male,single,54,52,69,2,early,1
960,male,married,29,52,14,20,early,1
961,male,single,27,20,34,37,early,4
962,male,married,24,22,17,8,early,0
963,male,married,54,42,60,10,early,1
964,male,married,54,42,36,10,early,2
965,male,single,30,43,14,7,early,1
966,female,married,32,73,13,35,early,1
967,female,married,30,19,44,39,early,3
968,female,married,48,34,35,29,late,5
969,female,single,28,25,32,20,early,3
970,male,married,27,60,16,39,early,0
971,female,married,53,49,38,43,late,5
972,male,married,53,37,52,8,early,2
973,male,married,29,63,15,12,early,1
974,male,married,30,61,12,26,early,0
975,female,married,27,26,15,35,early,1
976,female,married,46,60,50,24,late,10
977,female,married,47,32,42,30,late,8
978,male,married,32,26,13,4,early,2
979,female,single,32,24,36,48,early,5
980,male,single,31,45,18,15,early,1
981,female,married,30,74,13,4,early,2
982,female,married,29,56,12,43,early,2
983,female,married,31,23,20,47,early,0
984,male,married,25,44,12,27,early,0
985,male,married,26,33,12,38,early,1
986,female,single,31,49,15,24,early,1
987,male,married,51,79,37,44,late,4
988,male,single,25,22,28,3,early,4
989,male,married,44,54,43,25,late,14
990,male,single,26,32,16,3,early,2
991,male,married,34,42,20,26,early,2
992,female,married,29,50,19,20,early,2
993,female,single,30,20,36,47,early,2
994,male,married,31,79,12,38,early,1
995,male,married,53,38,40,11,early,1
996,female,single,29,51,15,21,early,2
997,male,married,32,73,15,21,early,0
998,male,married,28,65,10,11,early,1
999,male,married,49,67,41,23,late,10
1000,female,married,33,58,23,1,early,1
